{
  "hash": "781739b5",
  "configHash": "6bec7402",
  "lockfileHash": "8557df79",
  "browserHash": "2d078b22",
  "optimized": {
    "@angular/core": {
      "src": "../../../../../node_modules/@angular/core/fesm2022/core.mjs",
      "file": "@angular_core.js",
      "fileHash": "4493f81e",
      "needsInterop": false
    },
    "@angular/platform-browser": {
      "src": "../../../../../node_modules/@angular/platform-browser/fesm2022/platform-browser.mjs",
      "file": "@angular_platform-browser.js",
      "fileHash": "7a95ee91",
      "needsInterop": false
    },
    "@angular/router": {
      "src": "../../../../../node_modules/@angular/router/fesm2022/router.mjs",
      "file": "@angular_router.js",
      "fileHash": "c011a17a",
      "needsInterop": false
    }
  },
  "chunks": {
    "chunk-6RID3OEN": {
      "file": "chunk-6RID3OEN.js"
    },
    "chunk-YVWIMTHM": {
      "file": "chunk-YVWIMTHM.js"
    }
  }
}